game_id,distance_metric,glove_fp,top_words,sorted_words,kendall_tau,p_value
1,Cosine,word2vec-google-news-300,"['neighborhood', 'downtown', 'community', 'street', 'resident', 'neighbor', 'home', 'city', 'suburb', 'area']","['neighborhood', 'street', 'suburb', 'city', 'downtown', 'area', 'eastside', 'community', 'subdivision', 'townhouse']",0.3059465623981753,2.3210523949453557e-24
1,Cosine,data/glove.6B/glove.6B.50d.txt,"['neighborhood', 'downtown', 'community', 'street', 'resident', 'neighbor', 'home', 'city', 'suburb', 'area']","['neighborhood', 'downtown', 'suburban', 'suburb', 'town', 'city', 'mall', 'nearby', 'outside', 'upscale']",0.35620638868097637,1.273964900889516e-32
1,Cosine,data/glove.6B/glove.6B.100d.txt,"['neighborhood', 'downtown', 'community', 'street', 'resident', 'neighbor', 'home', 'city', 'suburb', 'area']","['neighborhood', 'suburb', 'downtown', 'residential', 'area', 'suburban', 'city', 'town', 'apartment', 'community']",0.3577194549742054,6.947370955387943e-33
1,Cosine,data/glove.6B/glove.6B.200d.txt,"['neighborhood', 'downtown', 'community', 'street', 'resident', 'neighbor', 'home', 'city', 'suburb', 'area']","['neighborhood', 'downtown', 'suburb', 'upscale', 'suburban', 'area', 'apartment', 'residential', 'street', 'community']",0.3656228118888379,2.8080670177819624e-34
1,Cosine,data/glove.840B.300d.txt,"['neighborhood', 'downtown', 'community', 'street', 'resident', 'neighbor', 'home', 'city', 'suburb', 'area']","['neighborhood', 'downtown', 'suburb', 'suburban', 'city', 'street', 'town', 'community', 'area', 'apartment']",0.31686666505702166,3.6784516561471287e-26
1,Cosine,data/glove.twitter.27B/glove.twitter.27B.25d.txt,"['neighborhood', 'downtown', 'community', 'street', 'resident', 'neighbor', 'home', 'city', 'suburb', 'area']","['neighborhood', 'apartment', 'backyard', 'playground', 'campus', 'suburban', 'nearby', 'town', 'manhattan', 'street']",0.23053111762789183,1.664872889050864e-14
1,Cosine,data/glove.twitter.27B/glove.twitter.27B.50d.txt,"['neighborhood', 'downtown', 'community', 'street', 'resident', 'neighbor', 'home', 'city', 'suburb', 'area']","['neighborhood', 'backyard', 'town', 'downtown', 'nearby', 'street', 'neighbor', 'outside', 'apartment', 'farm']",0.23711306614532424,2.9434222465519063e-15
1,Cosine,data/glove.twitter.27B/glove.twitter.27B.100d.txt,"['neighborhood', 'downtown', 'community', 'street', 'resident', 'neighbor', 'home', 'city', 'suburb', 'area']","['neighborhood', 'backyard', 'neighbor', 'downtown', 'town', 'street', 'outside', 'nearby', 'apartment', 'suburban']",0.2560606060606061,1.5409790978096512e-17
1,Cosine,data/glove.twitter.27B/glove.twitter.27B.200d.txt,"['neighborhood', 'downtown', 'community', 'street', 'resident', 'neighbor', 'home', 'city', 'suburb', 'area']","['neighborhood', 'neighbor', 'downtown', 'town', 'backyard', 'street', 'outside', 'apartment', 'near', 'house']",0.24995112414467255,8.748285124434229e-17
1,Cosine,data/glove.42B.300d.txt,"['neighborhood', 'downtown', 'community', 'street', 'resident', 'neighbor', 'home', 'city', 'suburb', 'area']","['neighborhood', 'downtown', 'community', 'town', 'area', 'village', 'city', 'local', 'residential', 'nearby']",0.5210018430435167,8.781628051491572e-68
1,Euclid,word2vec-google-news-300,"['neighborhood', 'downtown', 'community', 'street', 'resident', 'neighbor', 'home', 'city', 'suburb', 'area']","['neighborhood', 'street', 'suburb', 'city', 'downtown', 'area', 'eastside', 'community', 'subdivision', 'townhouse']",0.3059465623981753,2.3210523949453557e-24
1,Euclid,data/glove.6B/glove.6B.50d.txt,"['neighborhood', 'downtown', 'community', 'street', 'resident', 'neighbor', 'home', 'city', 'suburb', 'area']","['neighborhood', 'suburban', 'downtown', 'suburb', 'mall', 'outside', 'town', 'midtown', 'city', 'nearby']",0.331417855791905,1.8309458134304819e-28
1,Euclid,data/glove.6B/glove.6B.100d.txt,"['neighborhood', 'downtown', 'community', 'street', 'resident', 'neighbor', 'home', 'city', 'suburb', 'area']","['neighborhood', 'suburb', 'downtown', 'suburban', 'residential', 'area', 'bronx', 'mall', 'nearby', 'upscale']",0.3256231338178365,1.5558944929291652e-27
1,Euclid,data/glove.6B/glove.6B.200d.txt,"['neighborhood', 'downtown', 'community', 'street', 'resident', 'neighbor', 'home', 'city', 'suburb', 'area']","['neighborhood', 'downtown', 'upscale', 'area', 'suburban', 'suburb', 'nearby', 'apartment', 'uptown', 'bronx']",0.26806222887542147,3.532775213621593e-19
1,Euclid,data/glove.840B.300d.txt,"['neighborhood', 'downtown', 'community', 'street', 'resident', 'neighbor', 'home', 'city', 'suburb', 'area']","['neighborhood', 'downtown', 'suburban', 'suburb', 'area', 'town', 'street', 'city', 'community', 'vicinity']",0.20510901320713715,7.45459692745724e-12
1,Euclid,data/glove.twitter.27B/glove.twitter.27B.25d.txt,"['neighborhood', 'downtown', 'community', 'street', 'resident', 'neighbor', 'home', 'city', 'suburb', 'area']","['neighborhood', 'backyard', 'apartment', 'playground', 'campus', 'suburban', 'nearby', 'manhattan', 'bronx', 'riverside']",0.23598892147279246,3.970386110494374e-15
1,Euclid,data/glove.twitter.27B/glove.twitter.27B.50d.txt,"['neighborhood', 'downtown', 'community', 'street', 'resident', 'neighbor', 'home', 'city', 'suburb', 'area']","['neighborhood', 'backyard', 'nearby', 'town', 'manhattan', 'playground', 'alley', 'suburban', 'street', 'farm']",0.24538937764744218,3.114908897337378e-16
1,Euclid,data/glove.twitter.27B/glove.twitter.27B.100d.txt,"['neighborhood', 'downtown', 'community', 'street', 'resident', 'neighbor', 'home', 'city', 'suburb', 'area']","['neighborhood', 'backyard', 'neighbor', 'nearby', 'suburban', 'playground', 'downtown', 'street', 'town', 'richmond']",0.2640436624307592,1.4985694843803612e-18
1,Euclid,data/glove.twitter.27B/glove.twitter.27B.200d.txt,"['neighborhood', 'downtown', 'community', 'street', 'resident', 'neighbor', 'home', 'city', 'suburb', 'area']","['neighborhood', 'neighbor', 'downtown', 'backyard', 'town', 'nearby', 'suburban', 'street', 'campus', 'near']",0.26357119582926036,1.7235395966048362e-18
1,Euclid,data/glove.42B.300d.txt,"['neighborhood', 'downtown', 'community', 'street', 'resident', 'neighbor', 'home', 'city', 'suburb', 'area']","['neighborhood', 'downtown', 'town', 'vicinity', 'area', 'community', 'village', 'suburb', 'brooklyn', 'manhattan']",0.28835985223458965,6.0648332686632325e-22
1,Dot,word2vec-google-news-300,"['neighborhood', 'downtown', 'community', 'street', 'resident', 'neighbor', 'home', 'city', 'suburb', 'area']","['neighborhood', 'street', 'suburb', 'city', 'downtown', 'area', 'eastside', 'community', 'subdivision', 'townhouse']",0.3059465623981753,2.3210523949453557e-24
1,Dot,data/glove.6B/glove.6B.50d.txt,"['neighborhood', 'downtown', 'community', 'street', 'resident', 'neighbor', 'home', 'city', 'suburb', 'area']","['neighborhood', 'downtown', 'suburb', 'city', 'town', 'suburban', 'village', 'district', 'area', 'residential']",0.33396109488052406,7.074901717463505e-29
1,Dot,data/glove.6B/glove.6B.100d.txt,"['neighborhood', 'downtown', 'community', 'street', 'resident', 'neighbor', 'home', 'city', 'suburb', 'area']","['neighborhood', 'city', 'district', 'town', 'suburb', 'downtown', 'residential', 'area', 'village', 'apartment']",0.3257519054172602,1.4842401036893777e-27
1,Dot,data/glove.6B/glove.6B.200d.txt,"['neighborhood', 'downtown', 'community', 'street', 'resident', 'neighbor', 'home', 'city', 'suburb', 'area']","['neighborhood', 'downtown', 'suburb', 'district', 'residential', 'street', 'upscale', 'village', 'apartment', 'suburban']",0.364544349743664,4.368351748052456e-34
1,Dot,data/glove.840B.300d.txt,"['neighborhood', 'downtown', 'community', 'street', 'resident', 'neighbor', 'home', 'city', 'suburb', 'area']","['neighborhood', 'downtown', 'suburb', 'suburban', 'apartment', 'walkable', 'city', 'residential', 'street', 'waterfront']",0.3049230992104691,2.3987627704483737e-24
1,Dot,data/glove.twitter.27B/glove.twitter.27B.25d.txt,"['neighborhood', 'downtown', 'community', 'street', 'resident', 'neighbor', 'home', 'city', 'suburb', 'area']","['county', 'neighborhood', 'downtown', 'outside', 'around', 'people', 'church', 'north', 'house', 'beach']",0.15506679700228088,2.442798040787732e-07
1,Dot,data/glove.twitter.27B/glove.twitter.27B.50d.txt,"['neighborhood', 'downtown', 'community', 'street', 'resident', 'neighbor', 'home', 'city', 'suburb', 'area']","['neighborhood', 'outside', 'around', 'across', 'downtown', 'people', 'north', 'near', 'town', 'church']",0.17186379928315412,1.057792681812452e-08
1,Dot,data/glove.twitter.27B/glove.twitter.27B.100d.txt,"['neighborhood', 'downtown', 'community', 'street', 'resident', 'neighbor', 'home', 'city', 'suburb', 'area']","['neighborhood', 'outside', 'downtown', 'neighbor', 'house', 'around', 'town', 'near', 'apartment', 'walk']",0.21083414793092214,2.242948053087761e-12
1,Dot,data/glove.twitter.27B/glove.twitter.27B.200d.txt,"['neighborhood', 'downtown', 'community', 'street', 'resident', 'neighbor', 'home', 'city', 'suburb', 'area']","['neighborhood', 'outside', 'neighbor', 'downtown', 'town', 'house', 'around', 'street', 'apartment', 'backyard']",0.20676115998696643,5.8648707288644516e-12
1,Dot,data/glove.42B.300d.txt,"['neighborhood', 'downtown', 'community', 'street', 'resident', 'neighbor', 'home', 'city', 'suburb', 'area']","['neighborhood', 'downtown', 'community', 'city', 'area', 'village', 'town', 'local', 'district', 'street']",0.4244553363755623,1.3519194124433688e-45
1,Manhattan,word2vec-google-news-300,"['neighborhood', 'downtown', 'community', 'street', 'resident', 'neighbor', 'home', 'city', 'suburb', 'area']","['neighborhood', 'street', 'suburb', 'city', 'downtown', 'area', 'eastside', 'community', 'subdivision', 'townhouse']",0.3059465623981753,2.3210523949453557e-24
1,Manhattan,data/glove.6B/glove.6B.50d.txt,"['neighborhood', 'downtown', 'community', 'street', 'resident', 'neighbor', 'home', 'city', 'suburb', 'area']","['neighborhood', 'suburban', 'downtown', 'suburb', 'town', 'bronx', 'mall', 'city', 'chinatown', 'midtown']",0.3084804146445501,7.026863324350058e-25
1,Manhattan,data/glove.6B/glove.6B.100d.txt,"['neighborhood', 'downtown', 'community', 'street', 'resident', 'neighbor', 'home', 'city', 'suburb', 'area']","['neighborhood', 'suburb', 'downtown', 'suburban', 'residential', 'nearby', 'apartment', 'mall', 'area', 'upscale']",0.323305245028209,3.623981331098443e-27
1,Manhattan,data/glove.6B/glove.6B.200d.txt,"['neighborhood', 'downtown', 'community', 'street', 'resident', 'neighbor', 'home', 'city', 'suburb', 'area']","['neighborhood', 'downtown', 'upscale', 'suburban', 'uptown', 'midtown', 'suburb', 'area', 'nearby', 'apartment']",0.27405010824862575,5.660560028619374e-20
1,Manhattan,data/glove.840B.300d.txt,"['neighborhood', 'downtown', 'community', 'street', 'resident', 'neighbor', 'home', 'city', 'suburb', 'area']","['neighborhood', 'downtown', 'area', 'suburban', 'town', 'city', 'neighbor', 'suburb', 'street', 'vicinity']",0.17298049915091226,7.655362025355778e-09
1,Manhattan,data/glove.twitter.27B/glove.twitter.27B.25d.txt,"['neighborhood', 'downtown', 'community', 'street', 'resident', 'neighbor', 'home', 'city', 'suburb', 'area']","['neighborhood', 'backyard', 'playground', 'apartment', 'suburban', 'town', 'nearby', 'sidewalk', 'homeless', 'campus']",0.23435972629521018,6.111479989091531e-15
1,Manhattan,data/glove.twitter.27B/glove.twitter.27B.50d.txt,"['neighborhood', 'downtown', 'community', 'street', 'resident', 'neighbor', 'home', 'city', 'suburb', 'area']","['neighborhood', 'backyard', 'playground', 'suburban', 'farm', 'town', 'nearby', 'apartment', 'manhattan', 'corridor']",0.24431410883023788,4.1880169745112914e-16
1,Manhattan,data/glove.twitter.27B/glove.twitter.27B.100d.txt,"['neighborhood', 'downtown', 'community', 'street', 'resident', 'neighbor', 'home', 'city', 'suburb', 'area']","['neighborhood', 'backyard', 'street', 'nearby', 'neighbor', 'town', 'playground', 'house', 'suburb', 'riverside']",0.2692407950472467,3.1657937995579106e-19
1,Manhattan,data/glove.twitter.27B/glove.twitter.27B.200d.txt,"['neighborhood', 'downtown', 'community', 'street', 'resident', 'neighbor', 'home', 'city', 'suburb', 'area']","['neighborhood', 'downtown', 'town', 'backyard', 'street', 'neighbor', 'around', 'corridor', 'suburban', 'hilltop']",0.2584392310198762,7.751653189685954e-18
1,Manhattan,data/glove.42B.300d.txt,"['neighborhood', 'downtown', 'community', 'street', 'resident', 'neighbor', 'home', 'city', 'suburb', 'area']","['neighborhood', 'downtown', 'community', 'town', 'village', 'vicinity', 'area', 'hometown', 'brooklyn', 'manhattan']",0.26075444060812386,3.129123623992819e-18
2,Cosine,word2vec-google-news-300,"['paper', 'essay', 'sheet', 'print', 'letter', 'document', 'material', 'journal', 'homework', 'writing']","['paper', 'newspaper', 'newsprint', 'print', 'printing', 'cardboard', 'ink', 'journal', 'sheet', 'document']",0.1709659318637274,1.1011355800799696e-08
2,Cosine,data/glove.6B/glove.6B.50d.txt,"['paper', 'essay', 'sheet', 'print', 'letter', 'document', 'material', 'journal', 'homework', 'writing']","['paper', 'print', 'sheet', 'printing', 'ink', 'copy', 'cover', 'piece', 'material', 'packaging']",0.23372850117906496,5.9845897156991214e-15
2,Cosine,data/glove.6B/glove.6B.100d.txt,"['paper', 'essay', 'sheet', 'print', 'letter', 'document', 'material', 'journal', 'homework', 'writing']","['paper', 'newspaper', 'print', 'printing', 'sheet', 'ink', 'piece', 'copy', 'publication', 'magazine']",0.2338089834287048,5.85840695930635e-15
2,Cosine,data/glove.6B/glove.6B.200d.txt,"['paper', 'essay', 'sheet', 'print', 'letter', 'document', 'material', 'journal', 'homework', 'writing']","['paper', 'newspaper', 'sheet', 'printing', 'print', 'piece', 'book', 'ink', 'read', 'plastic']",0.22542273301623322,5.194328388169014e-14
2,Cosine,data/glove.840B.300d.txt,"['paper', 'essay', 'sheet', 'print', 'letter', 'document', 'material', 'journal', 'homework', 'writing']","['paper', 'print', 'cardboard', 'sheet', 'newsprint', 'printing', 'ink', 'essay', 'journal', 'newspaper']",0.3270718143113536,9.144630062282503e-28
2,Cosine,data/glove.twitter.27B/glove.twitter.27B.25d.txt,"['paper', 'essay', 'sheet', 'print', 'letter', 'document', 'material', 'journal', 'homework', 'writing']","['paper', 'class', 'blank', 'form', 'assignment', 'finish', 'grade', 'lab', 'stuff', 'essay']",0.1097697402837804,0.00024709897056061003
2,Cosine,data/glove.twitter.27B/glove.twitter.27B.50d.txt,"['paper', 'essay', 'sheet', 'print', 'letter', 'document', 'material', 'journal', 'homework', 'writing']","['paper', 'sheet', 'assignment', 'class', 'essay', 'finish', 'homework', 'book', 'exam', 'study']",0.13937111170131425,3.2611386919592642e-06
2,Cosine,data/glove.twitter.27B/glove.twitter.27B.100d.txt,"['paper', 'essay', 'sheet', 'print', 'letter', 'document', 'material', 'journal', 'homework', 'writing']","['paper', 'assignment', 'essay', 'exam', 'homework', 'sheet', 'study', 'class', 'book', 'finish']",0.17230444825393756,8.751657732298635e-09
2,Cosine,data/glove.twitter.27B/glove.twitter.27B.200d.txt,"['paper', 'essay', 'sheet', 'print', 'letter', 'document', 'material', 'journal', 'homework', 'writing']","['paper', 'essay', 'exam', 'assignment', 'homework', 'study', 'class', 'book', 'presentation', 'science']",0.1741716364455819,6.039918271471199e-09
2,Cosine,data/glove.42B.300d.txt,"['paper', 'essay', 'sheet', 'print', 'letter', 'document', 'material', 'journal', 'homework', 'writing']","['paper', 'sheet', 'print', 'cardboard', 'printing', 'essay', 'piece', 'ink', 'material', 'book']",0.39562659455457094,7.671911601183712e-40
2,Euclid,word2vec-google-news-300,"['paper', 'essay', 'sheet', 'print', 'letter', 'document', 'material', 'journal', 'homework', 'writing']","['paper', 'newspaper', 'newsprint', 'print', 'printing', 'cardboard', 'ink', 'journal', 'sheet', 'document']",0.1709659318637274,1.1011355800799696e-08
2,Euclid,data/glove.6B/glove.6B.50d.txt,"['paper', 'essay', 'sheet', 'print', 'letter', 'document', 'material', 'journal', 'homework', 'writing']","['paper', 'print', 'sheet', 'printing', 'ink', 'copy', 'cover', 'piece', 'material', 'packaging']",0.2117085576776042,1.560328039219157e-12
2,Euclid,data/glove.6B/glove.6B.100d.txt,"['paper', 'essay', 'sheet', 'print', 'letter', 'document', 'material', 'journal', 'homework', 'writing']","['paper', 'print', 'sheet', 'printing', 'copy', 'piece', 'ink', 'newspaper', 'instead', 'publication']",0.2055436173551923,6.7349194699335045e-12
2,Euclid,data/glove.6B/glove.6B.200d.txt,"['paper', 'essay', 'sheet', 'print', 'letter', 'document', 'material', 'journal', 'homework', 'writing']","['paper', 'piece', 'sheet', 'newspaper', 'print', 'instead', 'printing', 'example', 'put', 'book']",0.18181745016136688,1.2715974726692208e-09
2,Euclid,data/glove.840B.300d.txt,"['paper', 'essay', 'sheet', 'print', 'letter', 'document', 'material', 'journal', 'homework', 'writing']","['paper', 'print', 'cardboard', 'newsprint', 'sheet', 'put', 'piece', 'hand', 'journal', 'poster']",0.2954100973030398,5.972003646195306e-23
2,Euclid,data/glove.twitter.27B/glove.twitter.27B.25d.txt,"['paper', 'essay', 'sheet', 'print', 'letter', 'document', 'material', 'journal', 'homework', 'writing']","['paper', 'form', 'class', 'assignment', 'grade', 'lab', 'blank', 'finish', 'test', 'sheet']",0.11434113206332343,0.00013459881749877515
2,Euclid,data/glove.twitter.27B/glove.twitter.27B.50d.txt,"['paper', 'essay', 'sheet', 'print', 'letter', 'document', 'material', 'journal', 'homework', 'writing']","['paper', 'sheet', 'assignment', 'essay', 'finish', 'class', 'book', 'piece', 'form', 'set']",0.14207531528921294,2.0959896973742138e-06
2,Euclid,data/glove.twitter.27B/glove.twitter.27B.100d.txt,"['paper', 'essay', 'sheet', 'print', 'letter', 'document', 'material', 'journal', 'homework', 'writing']","['paper', 'assignment', 'essay', 'sheet', 'presentation', 'exam', 'piece', 'blank', 'book', 'finish']",0.17763237318009512,3.007215245691192e-09
2,Euclid,data/glove.twitter.27B/glove.twitter.27B.200d.txt,"['paper', 'essay', 'sheet', 'print', 'letter', 'document', 'material', 'journal', 'homework', 'writing']","['paper', 'essay', 'assignment', 'exam', 'presentation', 'study', 'book', 'instead', 'science', 'sheet']",0.1901071218742706,2.185011245314239e-10
2,Euclid,data/glove.42B.300d.txt,"['paper', 'essay', 'sheet', 'print', 'letter', 'document', 'material', 'journal', 'homework', 'writing']","['paper', 'sheet', 'cardboard', 'print', 'piece', 'instead', 'put', 'essay', 'note', 'roll']",0.29033971557572974,3.180694540867316e-22
2,Dot,word2vec-google-news-300,"['paper', 'essay', 'sheet', 'print', 'letter', 'document', 'material', 'journal', 'homework', 'writing']","['paper', 'newspaper', 'newsprint', 'print', 'printing', 'cardboard', 'ink', 'journal', 'sheet', 'document']",0.1709659318637274,1.1011355800799696e-08
2,Dot,data/glove.6B/glove.6B.50d.txt,"['paper', 'essay', 'sheet', 'print', 'letter', 'document', 'material', 'journal', 'homework', 'writing']","['paper', 'newspaper', 'print', 'printing', 'sheet', 'magazine', 'material', 'data', 'plastic', 'information']",0.21479907606377413,7.379531907709848e-13
2,Dot,data/glove.6B/glove.6B.100d.txt,"['paper', 'essay', 'sheet', 'print', 'letter', 'document', 'material', 'journal', 'homework', 'writing']","['paper', 'newspaper', 'printing', 'magazine', 'print', 'plastic', 'sheet', 'ink', 'book', 'report']",0.2076683487456841,4.087718365037161e-12
2,Dot,data/glove.6B/glove.6B.200d.txt,"['paper', 'essay', 'sheet', 'print', 'letter', 'document', 'material', 'journal', 'homework', 'writing']","['paper', 'newspaper', 'printing', 'sheet', 'plastic', 'print', 'ink', 'book', 'magazine', 'journal']",0.2013102510241366,1.7947341253359825e-11
2,Dot,data/glove.840B.300d.txt,"['paper', 'essay', 'sheet', 'print', 'letter', 'document', 'material', 'journal', 'homework', 'writing']","['paper', 'ink', 'printing', 'cardboard', 'print', 'sheet', 'parchment', 'vellum', 'newsprint', 'newspaper']",0.23422749112683194,5.24329801137589e-15
2,Dot,data/glove.twitter.27B/glove.twitter.27B.25d.txt,"['paper', 'essay', 'sheet', 'print', 'letter', 'document', 'material', 'journal', 'homework', 'writing']","['paper', 'work', 'class', 'school', 'different', 'stuff', 'first', 'get', 'study', 'something']",0.059919034856862306,0.0454229551549515
2,Dot,data/glove.twitter.27B/glove.twitter.27B.50d.txt,"['paper', 'essay', 'sheet', 'print', 'letter', 'document', 'material', 'journal', 'homework', 'writing']","['paper', 'homework', 'exam', 'study', 'class', 'work', 'finish', 'book', 'write', 'essay']",0.09451030575206637,0.0016009672960293913
2,Dot,data/glove.twitter.27B/glove.twitter.27B.100d.txt,"['paper', 'essay', 'sheet', 'print', 'letter', 'document', 'material', 'journal', 'homework', 'writing']","['paper', 'exam', 'homework', 'study', 'essay', 'assignment', 'class', 'write', 'book', 'finish']",0.142059218839285,2.1015609041298035e-06
2,Dot,data/glove.twitter.27B/glove.twitter.27B.200d.txt,"['paper', 'essay', 'sheet', 'print', 'letter', 'document', 'material', 'journal', 'homework', 'writing']","['paper', 'homework', 'exam', 'essay', 'study', 'class', 'assignment', 'book', 'write', 'writing']",0.14217189398878075,2.0628591750639607e-06
2,Dot,data/glove.42B.300d.txt,"['paper', 'essay', 'sheet', 'print', 'letter', 'document', 'material', 'journal', 'homework', 'writing']","['paper', 'sheet', 'ink', 'printing', 'card', 'print', 'cardboard', 'book', 'fabric', 'material']",0.3114582578812243,2.4872916421444154e-25
2,Manhattan,word2vec-google-news-300,"['paper', 'essay', 'sheet', 'print', 'letter', 'document', 'material', 'journal', 'homework', 'writing']","['paper', 'newspaper', 'newsprint', 'print', 'printing', 'cardboard', 'ink', 'journal', 'sheet', 'document']",0.1709659318637274,1.1011355800799696e-08
2,Manhattan,data/glove.6B/glove.6B.50d.txt,"['paper', 'essay', 'sheet', 'print', 'letter', 'document', 'material', 'journal', 'homework', 'writing']","['paper', 'sheet', 'print', 'printing', 'ink', 'material', 'copy', 'making', 'piece', 'reference']",0.2096160191869683,2.5752292606294164e-12
2,Manhattan,data/glove.6B/glove.6B.100d.txt,"['paper', 'essay', 'sheet', 'print', 'letter', 'document', 'material', 'journal', 'homework', 'writing']","['paper', 'sheet', 'printing', 'print', 'copy', 'piece', 'ink', 'newspaper', 'read', 'document']",0.19096023372045295,1.8150554552841038e-10
2,Manhattan,data/glove.6B/glove.6B.200d.txt,"['paper', 'essay', 'sheet', 'print', 'letter', 'document', 'material', 'journal', 'homework', 'writing']","['paper', 'piece', 'print', 'sheet', 'printing', 'newspaper', 'example', 'instead', 'read', 'fact']",0.18001464776943443,1.8466834184579027e-09
2,Manhattan,data/glove.840B.300d.txt,"['paper', 'essay', 'sheet', 'print', 'letter', 'document', 'material', 'journal', 'homework', 'writing']","['paper', 'cardboard', 'newsprint', 'print', 'put', 'sheet', 'piece', 'poster', 'essay', 'scrap']",0.28167982551448273,5.184113686200202e-21
2,Manhattan,data/glove.twitter.27B/glove.twitter.27B.25d.txt,"['paper', 'essay', 'sheet', 'print', 'letter', 'document', 'material', 'journal', 'homework', 'writing']","['paper', 'form', 'assignment', 'grade', 'standard', 'outline', 'blank', 'lab', 'finish', 'class']",0.12858649024957544,1.758421996931517e-05
2,Manhattan,data/glove.twitter.27B/glove.twitter.27B.50d.txt,"['paper', 'essay', 'sheet', 'print', 'letter', 'document', 'material', 'journal', 'homework', 'writing']","['paper', 'sheet', 'assignment', 'finish', 'blank', 'outline', 'board', 'set', 'standard', 'class']",0.13803510635729288,4.045363969985989e-06
2,Manhattan,data/glove.twitter.27B/glove.twitter.27B.100d.txt,"['paper', 'essay', 'sheet', 'print', 'letter', 'document', 'material', 'journal', 'homework', 'writing']","['paper', 'assignment', 'essay', 'sheet', 'piece', 'outline', 'exam', 'homework', 'class', 'book']",0.16823204642216158,1.9393772441356776e-08
2,Manhattan,data/glove.twitter.27B/glove.twitter.27B.200d.txt,"['paper', 'essay', 'sheet', 'print', 'letter', 'document', 'material', 'journal', 'homework', 'writing']","['paper', 'essay', 'assignment', 'exam', 'presentation', 'book', 'sheet', 'class', 'study', 'blank']",0.1888355023299611,2.8767321293424505e-10
2,Manhattan,data/glove.42B.300d.txt,"['paper', 'essay', 'sheet', 'print', 'letter', 'document', 'material', 'journal', 'homework', 'writing']","['paper', 'cardboard', 'essay', 'sheet', 'instead', 'print', 'put', 'rather', 'collage', 'note']",0.26659745193197637,5.495941805583327e-19
3,Cosine,word2vec-google-news-300,"['farm', 'farmer', 'dairy', 'livestock', 'cattle', 'ranch', 'agricultural', 'agriculture', 'orchard', 'acre']","['farm', 'farmer', 'agricultural', 'orchard', 'pasture', 'livestock', 'dairy', 'agriculture', 'farmstead', 'homestead']",0.32280561122244483,3.860650865444767e-27
3,Cosine,data/glove.6B/glove.6B.50d.txt,"['farm', 'farmer', 'dairy', 'livestock', 'cattle', 'ranch', 'agricultural', 'agriculture', 'orchard', 'acre']","['farm', 'dairy', 'cattle', 'farmer', 'livestock', 'agricultural', 'mill', 'plant', 'farmland', 'plantation']",0.4149745273679889,1.1679248964283846e-43
3,Cosine,data/glove.6B/glove.6B.100d.txt,"['farm', 'farmer', 'dairy', 'livestock', 'cattle', 'ranch', 'agricultural', 'agriculture', 'orchard', 'acre']","['farm', 'agricultural', 'dairy', 'cattle', 'farmer', 'plantation', 'plant', 'agriculture', 'mill', 'factory']",0.455682449235821,2.7955636501758265e-52
3,Cosine,data/glove.6B/glove.6B.200d.txt,"['farm', 'farmer', 'dairy', 'livestock', 'cattle', 'ranch', 'agricultural', 'agriculture', 'orchard', 'acre']","['farm', 'agricultural', 'farmer', 'dairy', 'agriculture', 'livestock', 'cattle', 'plantation', 'farmland', 'rural']",0.4749338033496712,1.2338499027422986e-56
3,Cosine,data/glove.840B.300d.txt,"['farm', 'farmer', 'dairy', 'livestock', 'cattle', 'ranch', 'agricultural', 'agriculture', 'orchard', 'acre']","['farm', 'farmer', 'livestock', 'agricultural', 'cattle', 'pasture', 'barn', 'dairy', 'farmland', 'orchard']",0.4771873063395867,3.713382262741365e-57
3,Cosine,data/glove.twitter.27B/glove.twitter.27B.25d.txt,"['farm', 'farmer', 'dairy', 'livestock', 'cattle', 'ranch', 'agricultural', 'agriculture', 'orchard', 'acre']","['farm', 'plant', 'dairy', 'village', 'mountain', 'garden', 'factory', 'restaurant', 'farmer', 'bakery']",0.25888725241647953,5.412133261447618e-18
3,Cosine,data/glove.twitter.27B/glove.twitter.27B.50d.txt,"['farm', 'farmer', 'dairy', 'livestock', 'cattle', 'ranch', 'agricultural', 'agriculture', 'orchard', 'acre']","['farm', 'plant', 'farmer', 'village', 'mountain', 'dairy', 'forest', 'factory', 'garden', 'tree']",0.293768259410387,1.0296398132771483e-22
3,Cosine,data/glove.twitter.27B/glove.twitter.27B.100d.txt,"['farm', 'farmer', 'dairy', 'livestock', 'cattle', 'ranch', 'agricultural', 'agriculture', 'orchard', 'acre']","['farm', 'farmer', 'forest', 'tree', 'plant', 'backyard', 'mountain', 'village', 'dairy', 'horse']",0.3444881731334154,1.2803856984311107e-30
3,Cosine,data/glove.twitter.27B/glove.twitter.27B.200d.txt,"['farm', 'farmer', 'dairy', 'livestock', 'cattle', 'ranch', 'agricultural', 'agriculture', 'orchard', 'acre']","['farm', 'farmer', 'garden', 'plant', 'horse', 'cottage', 'tree', 'hill', 'mountain', 'village']",0.34640365067484363,6.089402309474713e-31
3,Cosine,data/glove.42B.300d.txt,"['farm', 'farmer', 'dairy', 'livestock', 'cattle', 'ranch', 'agricultural', 'agriculture', 'orchard', 'acre']","['farm', 'farmer', 'dairy', 'barn', 'livestock', 'agricultural', 'cattle', 'orchard', 'agriculture', 'cottage']",0.6115765667881948,1.0938455396876969e-92
3,Euclid,word2vec-google-news-300,"['farm', 'farmer', 'dairy', 'livestock', 'cattle', 'ranch', 'agricultural', 'agriculture', 'orchard', 'acre']","['farm', 'farmer', 'agricultural', 'orchard', 'pasture', 'livestock', 'dairy', 'agriculture', 'farmstead', 'homestead']",0.32280561122244483,3.860650865444767e-27
3,Euclid,data/glove.6B/glove.6B.50d.txt,"['farm', 'farmer', 'dairy', 'livestock', 'cattle', 'ranch', 'agricultural', 'agriculture', 'orchard', 'acre']","['farm', 'farmer', 'dairy', 'cattle', 'mill', 'livestock', 'ranch', 'cottage', 'nursery', 'agricultural']",0.3534217028434379,3.8630633236987726e-32
3,Euclid,data/glove.6B/glove.6B.100d.txt,"['farm', 'farmer', 'dairy', 'livestock', 'cattle', 'ranch', 'agricultural', 'agriculture', 'orchard', 'acre']","['farm', 'agricultural', 'farmer', 'dairy', 'plantation', 'factory', 'cottage', 'mill', 'cattle', 'livestock']",0.36943767052176635,5.821981682829028e-35
3,Euclid,data/glove.6B/glove.6B.200d.txt,"['farm', 'farmer', 'dairy', 'livestock', 'cattle', 'ranch', 'agricultural', 'agriculture', 'orchard', 'acre']","['farm', 'farmer', 'agricultural', 'dairy', 'livestock', 'agriculture', 'plantation', 'cottage', 'addition', 'home']",0.2906616445742891,2.86264592780017e-22
3,Euclid,data/glove.840B.300d.txt,"['farm', 'farmer', 'dairy', 'livestock', 'cattle', 'ranch', 'agricultural', 'agriculture', 'orchard', 'acre']","['farm', 'farmer', 'livestock', 'orchard', 'barn', 'homestead', 'agricultural', 'pasture', 'cattle', 'farmland']",0.33330114043347736,9.061043571567233e-29
3,Euclid,data/glove.twitter.27B/glove.twitter.27B.25d.txt,"['farm', 'farmer', 'dairy', 'livestock', 'cattle', 'ranch', 'agricultural', 'agriculture', 'orchard', 'acre']","['farm', 'plant', 'dairy', 'village', 'factory', 'farmer', 'bakery', 'mountain', 'garden', 'horse']",0.26126952700581885,2.6883702833651776e-18
3,Euclid,data/glove.twitter.27B/glove.twitter.27B.50d.txt,"['farm', 'farmer', 'dairy', 'livestock', 'cattle', 'ranch', 'agricultural', 'agriculture', 'orchard', 'acre']","['farm', 'farmer', 'plant', 'village', 'dairy', 'forest', 'factory', 'mountain', 'hunt', 'horse']",0.2900338830270983,3.515139463885531e-22
3,Euclid,data/glove.twitter.27B/glove.twitter.27B.100d.txt,"['farm', 'farmer', 'dairy', 'livestock', 'cattle', 'ranch', 'agricultural', 'agriculture', 'orchard', 'acre']","['farm', 'farmer', 'forest', 'tree', 'backyard', 'plant', 'horse', 'mountain', 'village', 'cottage']",0.31905578224722536,1.6814947939329223e-26
3,Euclid,data/glove.twitter.27B/glove.twitter.27B.200d.txt,"['farm', 'farmer', 'dairy', 'livestock', 'cattle', 'ranch', 'agricultural', 'agriculture', 'orchard', 'acre']","['farm', 'farmer', 'hunt', 'cottage', 'agriculture', 'hill', 'plant', 'horse', 'garden', 'coop']",0.3107178211845377,3.2230974525059464e-25
3,Euclid,data/glove.42B.300d.txt,"['farm', 'farmer', 'dairy', 'livestock', 'cattle', 'ranch', 'agricultural', 'agriculture', 'orchard', 'acre']","['farm', 'farmer', 'orchard', 'barn', 'dairy', 'livestock', 'pasture', 'cow', 'harvest', 'mill']",0.3424439239925634,2.81747444289187e-30
3,Dot,word2vec-google-news-300,"['farm', 'farmer', 'dairy', 'livestock', 'cattle', 'ranch', 'agricultural', 'agriculture', 'orchard', 'acre']","['farm', 'farmer', 'agricultural', 'orchard', 'pasture', 'livestock', 'dairy', 'agriculture', 'farmstead', 'homestead']",0.32280561122244483,3.860650865444767e-27
3,Dot,data/glove.6B/glove.6B.50d.txt,"['farm', 'farmer', 'dairy', 'livestock', 'cattle', 'ranch', 'agricultural', 'agriculture', 'orchard', 'acre']","['farm', 'cattle', 'agricultural', 'dairy', 'livestock', 'plant', 'agriculture', 'farmland', 'wheat', 'rural']",0.3792726014277551,9.356025465965377e-37
3,Dot,data/glove.6B/glove.6B.100d.txt,"['farm', 'farmer', 'dairy', 'livestock', 'cattle', 'ranch', 'agricultural', 'agriculture', 'orchard', 'acre']","['farm', 'cattle', 'agricultural', 'plant', 'dairy', 'agriculture', 'mill', 'livestock', 'rural', 'county']",0.4173889948571842,3.7876319372087484e-44
3,Dot,data/glove.6B/glove.6B.200d.txt,"['farm', 'farmer', 'dairy', 'livestock', 'cattle', 'ranch', 'agricultural', 'agriculture', 'orchard', 'acre']","['farm', 'agricultural', 'agriculture', 'dairy', 'cattle', 'livestock', 'rural', 'poultry', 'farmer', 'plantation']",0.4701209648212087,1.5733311555233142e-55
3,Dot,data/glove.840B.300d.txt,"['farm', 'farmer', 'dairy', 'livestock', 'cattle', 'ranch', 'agricultural', 'agriculture', 'orchard', 'acre']","['farm', 'farmer', 'livestock', 'agricultural', 'cattle', 'dairy', 'pasture', 'agriculture', 'farmland', 'rural']",0.41930447239861246,1.5430942239862345e-44
3,Dot,data/glove.twitter.27B/glove.twitter.27B.25d.txt,"['farm', 'farmer', 'dairy', 'livestock', 'cattle', 'ranch', 'agricultural', 'agriculture', 'orchard', 'acre']","['food', 'county', 'water', 'health', 'chicken', 'house', 'company', 'farm', 'meat', 'creek']",0.16304898954535574,5.2021231050470905e-08
3,Dot,data/glove.twitter.27B/glove.twitter.27B.50d.txt,"['farm', 'farmer', 'dairy', 'livestock', 'cattle', 'ranch', 'agricultural', 'agriculture', 'orchard', 'acre']","['farm', 'food', 'island', 'plant', 'mountain', 'creek', 'meat', 'village', 'tree', 'north']",0.2229438797273261,9.755572325553052e-14
3,Dot,data/glove.twitter.27B/glove.twitter.27B.100d.txt,"['farm', 'farmer', 'dairy', 'livestock', 'cattle', 'ranch', 'agricultural', 'agriculture', 'orchard', 'acre']","['farm', 'tree', 'island', 'forest', 'plant', 'creek', 'farmer', 'dairy', 'village', 'mountain']",0.30302371811896883,4.59419801695172e-24
3,Dot,data/glove.twitter.27B/glove.twitter.27B.200d.txt,"['farm', 'farmer', 'dairy', 'livestock', 'cattle', 'ranch', 'agricultural', 'agriculture', 'orchard', 'acre']","['farm', 'farmer', 'island', 'garden', 'tree', 'plant', 'house', 'meat', 'mountain', 'food']",0.30046438258042185,1.0958605972921482e-23
3,Dot,data/glove.42B.300d.txt,"['farm', 'farmer', 'dairy', 'livestock', 'cattle', 'ranch', 'agricultural', 'agriculture', 'orchard', 'acre']","['farm', 'dairy', 'farmer', 'agricultural', 'cattle', 'house', 'ranch', 'barn', 'livestock', 'garden']",0.5047927179660525,9.608847747013889e-64
3,Manhattan,word2vec-google-news-300,"['farm', 'farmer', 'dairy', 'livestock', 'cattle', 'ranch', 'agricultural', 'agriculture', 'orchard', 'acre']","['farm', 'farmer', 'agricultural', 'orchard', 'pasture', 'livestock', 'dairy', 'agriculture', 'farmstead', 'homestead']",0.32280561122244483,3.860650865444767e-27
3,Manhattan,data/glove.6B/glove.6B.50d.txt,"['farm', 'farmer', 'dairy', 'livestock', 'cattle', 'ranch', 'agricultural', 'agriculture', 'orchard', 'acre']","['farm', 'mill', 'farmer', 'cattle', 'dairy', 'hatchery', 'livestock', 'ranch', 'agricultural', 'timber']",0.34857667141511933,2.6078095210326883e-31
3,Manhattan,data/glove.6B/glove.6B.100d.txt,"['farm', 'farmer', 'dairy', 'livestock', 'cattle', 'ranch', 'agricultural', 'agriculture', 'orchard', 'acre']","['farm', 'farmer', 'dairy', 'agricultural', 'plantation', 'livestock', 'mill', 'cottage', 'factory', 'ranch']",0.3518925401002808,7.077892234523065e-32
3,Manhattan,data/glove.6B/glove.6B.200d.txt,"['farm', 'farmer', 'dairy', 'livestock', 'cattle', 'ranch', 'agricultural', 'agriculture', 'orchard', 'acre']","['farm', 'agricultural', 'farmer', 'dairy', 'livestock', 'agriculture', 'home', 'pasture', 'addition', 'plantation']",0.28431964330266957,2.2334611915514903e-21
3,Manhattan,data/glove.840B.300d.txt,"['farm', 'farmer', 'dairy', 'livestock', 'cattle', 'ranch', 'agricultural', 'agriculture', 'orchard', 'acre']","['farm', 'farmer', 'agricultural', 'livestock', 'orchard', 'homestead', 'pasture', 'cattle', 'farmstead', 'agriculture']",0.3040056015645749,3.284968232063838e-24
3,Manhattan,data/glove.twitter.27B/glove.twitter.27B.25d.txt,"['farm', 'farmer', 'dairy', 'livestock', 'cattle', 'ranch', 'agricultural', 'agriculture', 'orchard', 'acre']","['farm', 'plant', 'dairy', 'plantation', 'village', 'mountain', 'farmer', 'backyard', 'restaurant', 'pet']",0.26548679688694654,7.671568176373274e-19
3,Manhattan,data/glove.twitter.27B/glove.twitter.27B.50d.txt,"['farm', 'farmer', 'dairy', 'livestock', 'cattle', 'ranch', 'agricultural', 'agriculture', 'orchard', 'acre']","['farm', 'farmer', 'dairy', 'plant', 'village', 'hunt', 'mountain', 'tree', 'garden', 'forest']",0.2809232923678682,6.58964731905844e-21
3,Manhattan,data/glove.twitter.27B/glove.twitter.27B.100d.txt,"['farm', 'farmer', 'dairy', 'livestock', 'cattle', 'ranch', 'agricultural', 'agriculture', 'orchard', 'acre']","['farm', 'farmer', 'forest', 'tree', 'backyard', 'lodge', 'plant', 'branch', 'hunt', 'garden']",0.3094140087403723,5.079418050168343e-25
3,Manhattan,data/glove.twitter.27B/glove.twitter.27B.200d.txt,"['farm', 'farmer', 'dairy', 'livestock', 'cattle', 'ranch', 'agricultural', 'agriculture', 'orchard', 'acre']","['farm', 'farmer', 'agricultural', 'woodland', 'agriculture', 'cottage', 'forestry', 'hunt', 'coop', 'land']",0.31718859405558103,3.279546797562648e-26
3,Manhattan,data/glove.42B.300d.txt,"['farm', 'farmer', 'dairy', 'livestock', 'cattle', 'ranch', 'agricultural', 'agriculture', 'orchard', 'acre']","['farm', 'farmer', 'livestock', 'orchard', 'dairy', 'barn', 'pasture', 'agriculture', 'agricultural', 'cattle']",0.3141785579190509,9.549497916798685e-26
4,Cosine,word2vec-google-news-300,"['meat', 'beef', 'pork', 'vegetable', 'food', 'poultry', 'cook', 'sausage', 'chicken', 'steak']","['meat', 'beef', 'pork', 'chicken', 'veal', 'lamb', 'venison', 'offal', 'poultry', 'boneless']",0.375497967726035,5.425535431043098e-36
4,Cosine,data/glove.6B/glove.6B.50d.txt,"['meat', 'beef', 'pork', 'vegetable', 'food', 'poultry', 'cook', 'sausage', 'chicken', 'steak']","['meat', 'beef', 'chicken', 'pork', 'fish', 'poultry', 'seafood', 'milk', 'lamb', 'sausage']",0.41677732975992143,5.041100325237449e-44
4,Cosine,data/glove.6B/glove.6B.100d.txt,"['meat', 'beef', 'pork', 'vegetable', 'food', 'poultry', 'cook', 'sausage', 'chicken', 'steak']","['meat', 'beef', 'pork', 'chicken', 'milk', 'poultry', 'dairy', 'food', 'seafood', 'fish']",0.4197712694465235,1.2390492044084158e-44
4,Cosine,data/glove.6B/glove.6B.200d.txt,"['meat', 'beef', 'pork', 'vegetable', 'food', 'poultry', 'cook', 'sausage', 'chicken', 'steak']","['meat', 'beef', 'pork', 'chicken', 'fish', 'poultry', 'food', 'eat', 'seafood', 'milk']",0.4393445525589331,1.0055174446211988e-48
4,Cosine,data/glove.840B.300d.txt,"['meat', 'beef', 'pork', 'vegetable', 'food', 'poultry', 'cook', 'sausage', 'chicken', 'steak']","['meat', 'beef', 'pork', 'chicken', 'sausage', 'steak', 'poultry', 'lamb', 'cheese', 'food']",0.5344584751832983,3.1191093844722756e-71
4,Cosine,data/glove.twitter.27B/glove.twitter.27B.25d.txt,"['meat', 'beef', 'pork', 'vegetable', 'food', 'poultry', 'cook', 'sausage', 'chicken', 'steak']","['meat', 'bread', 'corn', 'egg', 'fish', 'soup', 'chicken', 'cheese', 'salad', 'beef']",0.2806154194241756,7.944823700281555e-21
4,Cosine,data/glove.twitter.27B/glove.twitter.27B.50d.txt,"['meat', 'beef', 'pork', 'vegetable', 'food', 'poultry', 'cook', 'sausage', 'chicken', 'steak']","['meat', 'fish', 'chicken', 'bread', 'soup', 'corn', 'egg', 'cheese', 'beef', 'sausage']",0.3138752191866056,1.1887191490539002e-25
4,Cosine,data/glove.twitter.27B/glove.twitter.27B.100d.txt,"['meat', 'beef', 'pork', 'vegetable', 'food', 'poultry', 'cook', 'sausage', 'chicken', 'steak']","['meat', 'chicken', 'fish', 'beef', 'bread', 'cheese', 'eat', 'food', 'sausage', 'corn']",0.3099318804392621,4.72944443883516e-25
4,Cosine,data/glove.twitter.27B/glove.twitter.27B.200d.txt,"['meat', 'beef', 'pork', 'vegetable', 'food', 'poultry', 'cook', 'sausage', 'chicken', 'steak']","['meat', 'beef', 'chicken', 'food', 'fish', 'bread', 'pork', 'eat', 'steak', 'cheese']",0.2982149927678521,2.587401184632279e-23
4,Cosine,data/glove.42B.300d.txt,"['meat', 'beef', 'pork', 'vegetable', 'food', 'poultry', 'cook', 'sausage', 'chicken', 'steak']","['meat', 'beef', 'pork', 'chicken', 'sausage', 'poultry', 'food', 'steak', 'cheese', 'eat']",0.5218227619898431,5.440509991720493e-68
4,Euclid,word2vec-google-news-300,"['meat', 'beef', 'pork', 'vegetable', 'food', 'poultry', 'cook', 'sausage', 'chicken', 'steak']","['meat', 'beef', 'pork', 'chicken', 'veal', 'lamb', 'venison', 'offal', 'poultry', 'boneless']",0.375497967726035,5.425535431043098e-36
4,Euclid,data/glove.6B/glove.6B.50d.txt,"['meat', 'beef', 'pork', 'vegetable', 'food', 'poultry', 'cook', 'sausage', 'chicken', 'steak']","['meat', 'beef', 'chicken', 'pork', 'seafood', 'lamb', 'fish', 'milk', 'peanut', 'sausage']",0.3776790528848862,1.840470812101785e-36
4,Euclid,data/glove.6B/glove.6B.100d.txt,"['meat', 'beef', 'pork', 'vegetable', 'food', 'poultry', 'cook', 'sausage', 'chicken', 'steak']","['meat', 'beef', 'pork', 'chicken', 'milk', 'dairy', 'seafood', 'poultry', 'fish', 'lamb']",0.38379570385751416,1.3502361800830543e-37
4,Euclid,data/glove.6B/glove.6B.200d.txt,"['meat', 'beef', 'pork', 'vegetable', 'food', 'poultry', 'cook', 'sausage', 'chicken', 'steak']","['meat', 'beef', 'pork', 'chicken', 'fish', 'seafood', 'eat', 'lamb', 'goat', 'meal']",0.32805369775695964,6.370189908068999e-28
4,Euclid,data/glove.840B.300d.txt,"['meat', 'beef', 'pork', 'vegetable', 'food', 'poultry', 'cook', 'sausage', 'chicken', 'steak']","['meat', 'beef', 'pork', 'chicken', 'sausage', 'steak', 'poultry', 'lamb', 'food', 'hamburger']",0.4415819590989207,3.3344600951983033e-49
4,Euclid,data/glove.twitter.27B/glove.twitter.27B.25d.txt,"['meat', 'beef', 'pork', 'vegetable', 'food', 'poultry', 'cook', 'sausage', 'chicken', 'steak']","['meat', 'bread', 'corn', 'egg', 'fish', 'soup', 'milk', 'beef', 'salad', 'chicken']",0.30249771722705715,6.098131392319558e-24
4,Euclid,data/glove.twitter.27B/glove.twitter.27B.50d.txt,"['meat', 'beef', 'pork', 'vegetable', 'food', 'poultry', 'cook', 'sausage', 'chicken', 'steak']","['meat', 'fish', 'chicken', 'corn', 'soup', 'bread', 'egg', 'beef', 'goat', 'lobster']",0.3402664985899332,7.404277502716572e-30
4,Euclid,data/glove.twitter.27B/glove.twitter.27B.100d.txt,"['meat', 'beef', 'pork', 'vegetable', 'food', 'poultry', 'cook', 'sausage', 'chicken', 'steak']","['meat', 'fish', 'chicken', 'beef', 'corn', 'goat', 'bread', 'sausage', 'veggie', 'pork']",0.32683652113484124,1.1254969227824596e-27
4,Euclid,data/glove.twitter.27B/glove.twitter.27B.200d.txt,"['meat', 'beef', 'pork', 'vegetable', 'food', 'poultry', 'cook', 'sausage', 'chicken', 'steak']","['meat', 'beef', 'fish', 'chicken', 'pork', 'food', 'bread', 'steak', 'veggie', 'corn']",0.30102704580899053,1.0039800332402859e-23
4,Euclid,data/glove.42B.300d.txt,"['meat', 'beef', 'pork', 'vegetable', 'food', 'poultry', 'cook', 'sausage', 'chicken', 'steak']","['meat', 'beef', 'pork', 'sausage', 'chicken', 'poultry', 'lamb', 'steak', 'food', 'eat']",0.43364640928443227,1.6304917630398158e-47
4,Dot,word2vec-google-news-300,"['meat', 'beef', 'pork', 'vegetable', 'food', 'poultry', 'cook', 'sausage', 'chicken', 'steak']","['meat', 'beef', 'pork', 'chicken', 'veal', 'lamb', 'venison', 'offal', 'poultry', 'boneless']",0.375497967726035,5.425535431043098e-36
4,Dot,data/glove.6B/glove.6B.50d.txt,"['meat', 'beef', 'pork', 'vegetable', 'food', 'poultry', 'cook', 'sausage', 'chicken', 'steak']","['meat', 'pork', 'beef', 'chicken', 'poultry', 'fish', 'milk', 'shrimp', 'food', 'eat']",0.3921014720203459,3.6393255196580974e-39
4,Dot,data/glove.6B/glove.6B.100d.txt,"['meat', 'beef', 'pork', 'vegetable', 'food', 'poultry', 'cook', 'sausage', 'chicken', 'steak']","['meat', 'beef', 'pork', 'chicken', 'poultry', 'milk', 'food', 'cheese', 'fish', 'bread']",0.39810544784347807,2.5461101813526283e-40
4,Dot,data/glove.6B/glove.6B.200d.txt,"['meat', 'beef', 'pork', 'vegetable', 'food', 'poultry', 'cook', 'sausage', 'chicken', 'steak']","['meat', 'beef', 'pork', 'chicken', 'poultry', 'fish', 'cheese', 'food', 'milk', 'roast']",0.43469267852975024,9.802332378120811e-48
4,Dot,data/glove.840B.300d.txt,"['meat', 'beef', 'pork', 'vegetable', 'food', 'poultry', 'cook', 'sausage', 'chicken', 'steak']","['meat', 'beef', 'pork', 'chicken', 'steak', 'sausage', 'cheese', 'poultry', 'sauce', 'lamb']",0.47470845305067966,1.3908390717251113e-56
4,Dot,data/glove.twitter.27B/glove.twitter.27B.25d.txt,"['meat', 'beef', 'pork', 'vegetable', 'food', 'poultry', 'cook', 'sausage', 'chicken', 'steak']","['cheese', 'bread', 'chicken', 'eat', 'meat', 'food', 'salad', 'drink', 'butter', 'soup']",0.1926660363789161,1.3041372129316267e-10
4,Dot,data/glove.twitter.27B/glove.twitter.27B.50d.txt,"['meat', 'beef', 'pork', 'vegetable', 'food', 'poultry', 'cook', 'sausage', 'chicken', 'steak']","['meat', 'chicken', 'eat', 'cheese', 'food', 'bread', 'sausage', 'soup', 'salad', 'shrimp']",0.23487915444474075,4.6968100626440155e-15
4,Dot,data/glove.twitter.27B/glove.twitter.27B.100d.txt,"['meat', 'beef', 'pork', 'vegetable', 'food', 'poultry', 'cook', 'sausage', 'chicken', 'steak']","['meat', 'chicken', 'eat', 'cheese', 'food', 'beef', 'bread', 'sausage', 'steak', 'salad']",0.26581173789726315,7.54253481553721e-19
4,Dot,data/glove.twitter.27B/glove.twitter.27B.200d.txt,"['meat', 'beef', 'pork', 'vegetable', 'food', 'poultry', 'cook', 'sausage', 'chicken', 'steak']","['meat', 'chicken', 'beef', 'food', 'eat', 'bread', 'cheese', 'steak', 'pork', 'fish']",0.2726640970319912,9.445282762268922e-20
4,Dot,data/glove.42B.300d.txt,"['meat', 'beef', 'pork', 'vegetable', 'food', 'poultry', 'cook', 'sausage', 'chicken', 'steak']","['meat', 'beef', 'pork', 'chicken', 'food', 'cheese', 'poultry', 'steak', 'sausage', 'seafood']",0.48523553130357094,4.8674306527377726e-59
4,Manhattan,word2vec-google-news-300,"['meat', 'beef', 'pork', 'vegetable', 'food', 'poultry', 'cook', 'sausage', 'chicken', 'steak']","['meat', 'beef', 'pork', 'chicken', 'veal', 'lamb', 'venison', 'offal', 'poultry', 'boneless']",0.375497967726035,5.425535431043098e-36
4,Manhattan,data/glove.6B/glove.6B.50d.txt,"['meat', 'beef', 'pork', 'vegetable', 'food', 'poultry', 'cook', 'sausage', 'chicken', 'steak']","['meat', 'beef', 'chicken', 'pork', 'sausage', 'peanut', 'seafood', 'fish', 'soup', 'tofu']",0.33164320609089665,1.6834879538481868e-28
4,Manhattan,data/glove.6B/glove.6B.100d.txt,"['meat', 'beef', 'pork', 'vegetable', 'food', 'poultry', 'cook', 'sausage', 'chicken', 'steak']","['meat', 'beef', 'pork', 'chicken', 'seafood', 'dairy', 'milk', 'poultry', 'pig', 'mutton']",0.3526812661467513,5.180910672263788e-32
4,Manhattan,data/glove.6B/glove.6B.200d.txt,"['meat', 'beef', 'pork', 'vegetable', 'food', 'poultry', 'cook', 'sausage', 'chicken', 'steak']","['meat', 'pork', 'beef', 'chicken', 'fish', 'goat', 'eat', 'food', 'mutton', 'lamb']",0.3330435972346299,9.978291943971498e-29
4,Manhattan,data/glove.840B.300d.txt,"['meat', 'beef', 'pork', 'vegetable', 'food', 'poultry', 'cook', 'sausage', 'chicken', 'steak']","['meat', 'beef', 'pork', 'chicken', 'poultry', 'sausage', 'steak', 'food', 'lamb', 'hamburger']",0.4222662191853586,3.818787667047158e-45
4,Manhattan,data/glove.twitter.27B/glove.twitter.27B.25d.txt,"['meat', 'beef', 'pork', 'vegetable', 'food', 'poultry', 'cook', 'sausage', 'chicken', 'steak']","['meat', 'bread', 'corn', 'fish', 'egg', 'soup', 'milk', 'liquor', 'beef', 'lobster']",0.30686124780813395,1.369796541078961e-24
4,Manhattan,data/glove.twitter.27B/glove.twitter.27B.50d.txt,"['meat', 'beef', 'pork', 'vegetable', 'food', 'poultry', 'cook', 'sausage', 'chicken', 'steak']","['meat', 'fish', 'chicken', 'corn', 'soup', 'goat', 'lobster', 'egg', 'beef', 'salad']",0.3611468004816045,2.0202335820905802e-33
4,Manhattan,data/glove.twitter.27B/glove.twitter.27B.100d.txt,"['meat', 'beef', 'pork', 'vegetable', 'food', 'poultry', 'cook', 'sausage', 'chicken', 'steak']","['meat', 'fish', 'chicken', 'beef', 'pork', 'tuna', 'bread', 'veggie', 'corn', 'sandwich']",0.3408483026674101,5.929347998365728e-30
4,Manhattan,data/glove.twitter.27B/glove.twitter.27B.200d.txt,"['meat', 'beef', 'pork', 'vegetable', 'food', 'poultry', 'cook', 'sausage', 'chicken', 'steak']","['meat', 'beef', 'pork', 'chicken', 'food', 'veggie', 'bread', 'fish', 'rice', 'corn']",0.3223921844318926,5.679865841774926e-27
4,Manhattan,data/glove.42B.300d.txt,"['meat', 'beef', 'pork', 'vegetable', 'food', 'poultry', 'cook', 'sausage', 'chicken', 'steak']","['meat', 'beef', 'pork', 'sausage', 'chicken', 'poultry', 'lamb', 'steak', 'food', 'cheese']",0.44377107628912443,1.1263462928279429e-49
5,Cosine,word2vec-google-news-300,"['computer', 'laptop', 'pc', 'compute', 'electronic', 'software', 'desktop', 'hardware', 'system', 'device']","['computer', 'laptop', 'software', 'desktop', 'hacker', 'workstation', 'printer', 'spyware', 'server', 'hardware']",0.26005611222444885,3.5574724137098144e-18
5,Cosine,data/glove.6B/glove.6B.50d.txt,"['computer', 'laptop', 'pc', 'compute', 'electronic', 'software', 'desktop', 'hardware', 'system', 'device']","['computer', 'software', 'technology', 'electronic', 'internet', 'digital', 'pc', 'hardware', 'web', 'laptop']",0.3132127709233728,1.3427321899933809e-25
5,Cosine,data/glove.6B/glove.6B.100d.txt,"['computer', 'laptop', 'pc', 'compute', 'electronic', 'software', 'desktop', 'hardware', 'system', 'device']","['computer', 'software', 'technology', 'pc', 'hardware', 'internet', 'desktop', 'electronic', 'laptop', 'digital']",0.32489879357107787,2.027725408917795e-27
5,Cosine,data/glove.6B/glove.6B.200d.txt,"['computer', 'laptop', 'pc', 'compute', 'electronic', 'software', 'desktop', 'hardware', 'system', 'device']","['computer', 'software', 'technology', 'pc', 'internet', 'electronic', 'hardware', 'laptop', 'data', 'microsoft']",0.3422990559432117,2.978905862812016e-30
5,Cosine,data/glove.840B.300d.txt,"['computer', 'laptop', 'pc', 'compute', 'electronic', 'software', 'desktop', 'hardware', 'system', 'device']","['computer', 'laptop', 'software', 'desktop', 'puter', 'workstation', 'hardware', 'internet', 'system', 'monitor']",0.40594441895839867,7.43975985929693e-42
5,Cosine,data/glove.twitter.27B/glove.twitter.27B.25d.txt,"['computer', 'laptop', 'pc', 'compute', 'electronic', 'software', 'desktop', 'hardware', 'system', 'device']","['computer', 'camera', 'server', 'device', 'screen', 'app', 'remote', 'file', 'browser', 'phone']",0.19698108328686983,5.010489002611033e-11
5,Cosine,data/glove.twitter.27B/glove.twitter.27B.50d.txt,"['computer', 'laptop', 'pc', 'compute', 'electronic', 'software', 'desktop', 'hardware', 'system', 'device']","['computer', 'laptop', 'desktop', 'phone', 'camera', 'device', 'app', 'remote', 'network', 'screen']",0.2370124360621561,2.6593075290363495e-15
5,Cosine,data/glove.twitter.27B/glove.twitter.27B.100d.txt,"['computer', 'laptop', 'pc', 'compute', 'electronic', 'software', 'desktop', 'hardware', 'system', 'device']","['computer', 'laptop', 'phone', 'desktop', 'screen', 'keyboard', 'camera', 'device', 'mobile', 'pc']",0.26068862977059143,3.447208716691708e-18
5,Cosine,data/glove.twitter.27B/glove.twitter.27B.200d.txt,"['computer', 'laptop', 'pc', 'compute', 'electronic', 'software', 'desktop', 'hardware', 'system', 'device']","['computer', 'laptop', 'phone', 'desktop', 'screen', 'pc', 'keyboard', 'technology', 'desk', 'mobile']",0.2540140441039814,2.39048169404181e-17
5,Cosine,data/glove.42B.300d.txt,"['computer', 'laptop', 'pc', 'compute', 'electronic', 'software', 'desktop', 'hardware', 'system', 'device']","['computer', 'pc', 'software', 'laptop', 'desktop', 'hardware', 'technology', 'system', 'internet', 'multimedia']",0.5525991742521186,5.074597729840171e-76
5,Euclid,word2vec-google-news-300,"['computer', 'laptop', 'pc', 'compute', 'electronic', 'software', 'desktop', 'hardware', 'system', 'device']","['computer', 'laptop', 'software', 'desktop', 'hacker', 'workstation', 'printer', 'spyware', 'server', 'hardware']",0.26005611222444885,3.5574724137098144e-18
5,Euclid,data/glove.6B/glove.6B.50d.txt,"['computer', 'laptop', 'pc', 'compute', 'electronic', 'software', 'desktop', 'hardware', 'system', 'device']","['computer', 'software', 'technology', 'electronic', 'hardware', 'internet', 'digital', 'pc', 'laptop', 'web']",0.2837562675551907,2.6748753783009794e-21
5,Euclid,data/glove.6B/glove.6B.100d.txt,"['computer', 'laptop', 'pc', 'compute', 'electronic', 'software', 'desktop', 'hardware', 'system', 'device']","['computer', 'software', 'technology', 'hardware', 'pc', 'electronic', 'laptop', 'desktop', 'internet', 'web']",0.29161133512003923,2.0965388354299569e-22
5,Euclid,data/glove.6B/glove.6B.200d.txt,"['computer', 'laptop', 'pc', 'compute', 'electronic', 'software', 'desktop', 'hardware', 'system', 'device']","['computer', 'software', 'technology', 'pc', 'hardware', 'laptop', 'electronic', 'instance', 'internet', 'user']",0.23958760895284542,1.2451043147464823e-15
5,Euclid,data/glove.840B.300d.txt,"['computer', 'laptop', 'pc', 'compute', 'electronic', 'software', 'desktop', 'hardware', 'system', 'device']","['computer', 'puter', 'software', 'desktop', 'laptop', 'workstation', 'system', 'hardware', 'remotely', 'monitor']",0.2754022100425751,3.723143143800746e-20
5,Euclid,data/glove.twitter.27B/glove.twitter.27B.25d.txt,"['computer', 'laptop', 'pc', 'compute', 'electronic', 'software', 'desktop', 'hardware', 'system', 'device']","['computer', 'camera', 'server', 'device', 'screen', 'remote', 'app', 'file', 'browser', 'desktop']",0.17251298958409092,8.692388791803682e-09
5,Euclid,data/glove.twitter.27B/glove.twitter.27B.50d.txt,"['computer', 'laptop', 'pc', 'compute', 'electronic', 'software', 'desktop', 'hardware', 'system', 'device']","['computer', 'desktop', 'laptop', 'device', 'camera', 'remote', 'network', 'phone', 'keyboard', 'file']",0.217990674973536,3.55694087404847e-13
5,Euclid,data/glove.twitter.27B/glove.twitter.27B.100d.txt,"['computer', 'laptop', 'pc', 'compute', 'electronic', 'software', 'desktop', 'hardware', 'system', 'device']","['computer', 'laptop', 'desktop', 'keyboard', 'screen', 'camera', 'device', 'desk', 'remote', 'monitor']",0.24231331765694575,6.332020888281913e-16
5,Euclid,data/glove.twitter.27B/glove.twitter.27B.200d.txt,"['computer', 'laptop', 'pc', 'compute', 'electronic', 'software', 'desktop', 'hardware', 'system', 'device']","['computer', 'laptop', 'desktop', 'screen', 'keyboard', 'pc', 'desk', 'technology', 'device', 'mobile']",0.23609124627281763,3.401796411870136e-15
5,Euclid,data/glove.42B.300d.txt,"['computer', 'laptop', 'pc', 'compute', 'electronic', 'software', 'desktop', 'hardware', 'system', 'device']","['computer', 'pc', 'software', 'laptop', 'desktop', 'puter', 'hardware', 'multimedia', 'either', 'technology']",0.24863381381236366,1.02402914105498e-16
5,Dot,word2vec-google-news-300,"['computer', 'laptop', 'pc', 'compute', 'electronic', 'software', 'desktop', 'hardware', 'system', 'device']","['computer', 'laptop', 'software', 'desktop', 'hacker', 'workstation', 'printer', 'spyware', 'server', 'hardware']",0.26005611222444885,3.5574724137098144e-18
5,Dot,data/glove.6B/glove.6B.50d.txt,"['computer', 'laptop', 'pc', 'compute', 'electronic', 'software', 'desktop', 'hardware', 'system', 'device']","['computer', 'software', 'technology', 'internet', 'digital', 'data', 'online', 'desktop', 'electronic', 'microsoft']",0.29848451923928176,2.1363063662839878e-23
5,Dot,data/glove.6B/glove.6B.100d.txt,"['computer', 'laptop', 'pc', 'compute', 'electronic', 'software', 'desktop', 'hardware', 'system', 'device']","['computer', 'software', 'technology', 'internet', 'microsoft', 'digital', 'pc', 'desktop', 'data', 'electronic']",0.3072409880000966,1.079531464888972e-24
5,Dot,data/glove.6B/glove.6B.200d.txt,"['computer', 'laptop', 'pc', 'compute', 'electronic', 'software', 'desktop', 'hardware', 'system', 'device']","['computer', 'software', 'technology', 'internet', 'pc', 'electronic', 'microsoft', 'digital', 'data', 'desktop']",0.3135990857216441,1.1717624674258214e-25
5,Dot,data/glove.840B.300d.txt,"['computer', 'laptop', 'pc', 'compute', 'electronic', 'software', 'desktop', 'hardware', 'system', 'device']","['computer', 'laptop', 'software', 'desktop', 'workstation', 'wireless', 'hardware', 'keyboard', 'server', 'internet']",0.31776806625298787,2.6665900148528e-26
5,Dot,data/glove.twitter.27B/glove.twitter.27B.25d.txt,"['computer', 'laptop', 'pc', 'compute', 'electronic', 'software', 'desktop', 'hardware', 'system', 'device']","['computer', 'phone', 'school', 'camera', 'work', 'use', 'app', 'even', 'business', 'find']",0.1744361752846396,5.9341902032037655e-09
5,Dot,data/glove.twitter.27B/glove.twitter.27B.50d.txt,"['computer', 'laptop', 'pc', 'compute', 'electronic', 'software', 'desktop', 'hardware', 'system', 'device']","['computer', 'phone', 'laptop', 'app', 'camera', 'school', 'desktop', 'even', 'mobile', 'account']",0.21689171171607963,4.663009351643221e-13
5,Dot,data/glove.twitter.27B/glove.twitter.27B.100d.txt,"['computer', 'laptop', 'pc', 'compute', 'electronic', 'software', 'desktop', 'hardware', 'system', 'device']","['computer', 'phone', 'laptop', 'camera', 'screen', 'school', 'desktop', 'keyboard', 'app', 'mobile']",0.2342488666941408,5.551058878227516e-15
5,Dot,data/glove.twitter.27B/glove.twitter.27B.200d.txt,"['computer', 'laptop', 'pc', 'compute', 'electronic', 'software', 'desktop', 'hardware', 'system', 'device']","['computer', 'phone', 'laptop', 'desktop', 'pc', 'keyboard', 'screen', 'camera', 'account', 'school']",0.22527938716637175,5.710278059939678e-14
5,Dot,data/glove.42B.300d.txt,"['computer', 'laptop', 'pc', 'compute', 'electronic', 'software', 'desktop', 'hardware', 'system', 'device']","['computer', 'software', 'laptop', 'pc', 'internet', 'system', 'technology', 'desktop', 'hardware', 'data']",0.37355836170332635,1.0449254786751742e-35
5,Manhattan,word2vec-google-news-300,"['computer', 'laptop', 'pc', 'compute', 'electronic', 'software', 'desktop', 'hardware', 'system', 'device']","['computer', 'laptop', 'software', 'desktop', 'hacker', 'workstation', 'printer', 'spyware', 'server', 'hardware']",0.26005611222444885,3.5574724137098144e-18
5,Manhattan,data/glove.6B/glove.6B.50d.txt,"['computer', 'laptop', 'pc', 'compute', 'electronic', 'software', 'desktop', 'hardware', 'system', 'device']","['computer', 'software', 'technology', 'internet', 'hardware', 'pc', 'electronic', 'digital', 'laptop', 'web']",0.27704404793522786,2.2325127432179802e-20
5,Manhattan,data/glove.6B/glove.6B.100d.txt,"['computer', 'laptop', 'pc', 'compute', 'electronic', 'software', 'desktop', 'hardware', 'system', 'device']","['computer', 'software', 'technology', 'hardware', 'pc', 'electronic', 'laptop', 'user', 'desktop', 'web']",0.2872331007396318,8.739741054110146e-22
5,Manhattan,data/glove.6B/glove.6B.200d.txt,"['computer', 'laptop', 'pc', 'compute', 'electronic', 'software', 'desktop', 'hardware', 'system', 'device']","['computer', 'software', 'technology', 'pc', 'laptop', 'instance', 'hardware', 'programmer', 'electronic', 'example']",0.22495593596832217,5.851920591154601e-14
5,Manhattan,data/glove.840B.300d.txt,"['computer', 'laptop', 'pc', 'compute', 'electronic', 'software', 'desktop', 'hardware', 'system', 'device']","['computer', 'puter', 'desktop', 'laptop', 'software', 'workstation', 'system', 'hardware', 'remotely', 'machine']",0.2553460334323265,1.5137910056469574e-17
5,Manhattan,data/glove.twitter.27B/glove.twitter.27B.25d.txt,"['computer', 'laptop', 'pc', 'compute', 'electronic', 'software', 'desktop', 'hardware', 'system', 'device']","['computer', 'camera', 'browser', 'device', 'desk', 'setup', 'system', 'server', 'app', 'office']",0.18652477111665983,4.913687126034266e-10
5,Manhattan,data/glove.twitter.27B/glove.twitter.27B.50d.txt,"['computer', 'laptop', 'pc', 'compute', 'electronic', 'software', 'desktop', 'hardware', 'system', 'device']","['computer', 'laptop', 'device', 'desktop', 'network', 'remote', 'file', 'camera', 'monitor', 'phone']",0.2132715974562233,1.1271048614969022e-12
5,Manhattan,data/glove.twitter.27B/glove.twitter.27B.100d.txt,"['computer', 'laptop', 'pc', 'compute', 'electronic', 'software', 'desktop', 'hardware', 'system', 'device']","['computer', 'desktop', 'laptop', 'screen', 'keyboard', 'monitor', 'pc', 'device', 'camera', 'desk']",0.24969899719602762,8.14486068430752e-17
5,Manhattan,data/glove.twitter.27B/glove.twitter.27B.200d.txt,"['computer', 'laptop', 'pc', 'compute', 'electronic', 'software', 'desktop', 'hardware', 'system', 'device']","['computer', 'laptop', 'desktop', 'pc', 'technology', 'screen', 'keyboard', 'tech', 'software', 'desk']",0.25881392774316586,5.968051056995749e-18
5,Manhattan,data/glove.42B.300d.txt,"['computer', 'laptop', 'pc', 'compute', 'electronic', 'software', 'desktop', 'hardware', 'system', 'device']","['computer', 'puter', 'pc', 'laptop', 'software', 'hardware', 'multimedia', 'desktop', 'technology', 'even']",0.2109842174308456,1.856840400431551e-12
1,Cosine,data/numberbatch-en-19.08.txt,"['neighborhood', 'downtown', 'community', 'street', 'resident', 'neighbor', 'home', 'city', 'suburb', 'area']","['neighborhood', 'barrio', 'neighbor', 'uptown', 'townhome', 'vicinity', 'suburb', 'midtown', 'townhouse', 'downtown']",0.3730899452942555,1.488454819121106e-35
1,Euclid,data/numberbatch-en-19.08.txt,"['neighborhood', 'downtown', 'community', 'street', 'resident', 'neighbor', 'home', 'city', 'suburb', 'area']","['neighborhood', 'barrio', 'neighbor', 'uptown', 'townhome', 'vicinity', 'suburb', 'midtown', 'townhouse', 'downtown']",0.37305762284550686,1.50868942054071e-35
1,Dot,data/numberbatch-en-19.08.txt,"['neighborhood', 'downtown', 'community', 'street', 'resident', 'neighbor', 'home', 'city', 'suburb', 'area']","['neighborhood', 'barrio', 'neighbor', 'uptown', 'townhome', 'vicinity', 'suburb', 'midtown', 'townhouse', 'downtown']",0.3730899452942555,1.488454819121106e-35
1,Manhattan,data/numberbatch-en-19.08.txt,"['neighborhood', 'downtown', 'community', 'street', 'resident', 'neighbor', 'home', 'city', 'suburb', 'area']","['neighborhood', 'barrio', 'vicinity', 'neighbor', 'uptown', 'midtown', 'townhome', 'suburb', 'downtown', 'townhouse']",0.33604841902822563,3.665022668855882e-29
2,Cosine,data/numberbatch-en-19.08.txt,"['paper', 'essay', 'sheet', 'print', 'letter', 'document', 'material', 'journal', 'homework', 'writing']","['paper', 'newsprint', 'sheet', 'newspaper', 'inkjet', 'vellum', 'journal', 'parchment', 'cardboard', 'print']",0.20560800315490418,6.634262691447959e-12
2,Euclid,data/numberbatch-en-19.08.txt,"['paper', 'essay', 'sheet', 'print', 'letter', 'document', 'material', 'journal', 'homework', 'writing']","['paper', 'newsprint', 'sheet', 'newspaper', 'inkjet', 'vellum', 'journal', 'parchment', 'cardboard', 'print']",0.20564019605476008,6.5844886562537055e-12
2,Dot,data/numberbatch-en-19.08.txt,"['paper', 'essay', 'sheet', 'print', 'letter', 'document', 'material', 'journal', 'homework', 'writing']","['paper', 'newsprint', 'sheet', 'newspaper', 'inkjet', 'vellum', 'journal', 'parchment', 'cardboard', 'print']",0.20560800315490418,6.634262691447959e-12
2,Manhattan,data/numberbatch-en-19.08.txt,"['paper', 'essay', 'sheet', 'print', 'letter', 'document', 'material', 'journal', 'homework', 'writing']","['paper', 'newsprint', 'sheet', 'newspaper', 'inkjet', 'journal', 'vellum', 'cardboard', 'parchment', 'print']",0.18141503891316768,1.382461753196444e-09
3,Cosine,data/numberbatch-en-19.08.txt,"['farm', 'farmer', 'dairy', 'livestock', 'cattle', 'ranch', 'agricultural', 'agriculture', 'orchard', 'acre']","['farm', 'farmstead', 'farmhouse', 'farmer', 'farmland', 'agricultural', 'homestead', 'agriculture', 'ranch', 'barn']",0.38088224642055185,4.710261676119419e-37
3,Euclid,data/numberbatch-en-19.08.txt,"['farm', 'farmer', 'dairy', 'livestock', 'cattle', 'ranch', 'agricultural', 'agriculture', 'orchard', 'acre']","['farm', 'farmstead', 'farmhouse', 'farmer', 'farmland', 'agricultural', 'homestead', 'agriculture', 'ranch', 'barn']",0.3808983428704799,4.677979062041368e-37
3,Dot,data/numberbatch-en-19.08.txt,"['farm', 'farmer', 'dairy', 'livestock', 'cattle', 'ranch', 'agricultural', 'agriculture', 'orchard', 'acre']","['farm', 'farmstead', 'farmhouse', 'farmer', 'farmland', 'agricultural', 'homestead', 'agriculture', 'ranch', 'barn']",0.38088224642055185,4.710261676119419e-37
3,Manhattan,data/numberbatch-en-19.08.txt,"['farm', 'farmer', 'dairy', 'livestock', 'cattle', 'ranch', 'agricultural', 'agriculture', 'orchard', 'acre']","['farm', 'farmstead', 'farmer', 'farmhouse', 'farmland', 'agricultural', 'agriculture', 'homestead', 'husbandry', 'barn']",0.36322444084957056,7.48912819195225e-34
4,Cosine,data/numberbatch-en-19.08.txt,"['meat', 'beef', 'pork', 'vegetable', 'food', 'poultry', 'cook', 'sausage', 'chicken', 'steak']","['meat', 'beef', 'pork', 'meatless', 'veal', 'steak', 'venison', 'mutton', 'chicken', 'poultry']",0.40417380946632214,1.662290345586684e-41
4,Euclid,data/numberbatch-en-19.08.txt,"['meat', 'beef', 'pork', 'vegetable', 'food', 'poultry', 'cook', 'sausage', 'chicken', 'steak']","['meat', 'beef', 'pork', 'meatless', 'veal', 'steak', 'venison', 'mutton', 'chicken', 'poultry']",0.4041899059162501,1.6502115070272737e-41
4,Dot,data/numberbatch-en-19.08.txt,"['meat', 'beef', 'pork', 'vegetable', 'food', 'poultry', 'cook', 'sausage', 'chicken', 'steak']","['meat', 'beef', 'pork', 'meatless', 'veal', 'steak', 'venison', 'mutton', 'chicken', 'poultry']",0.40417380946632214,1.662290345586684e-41
4,Manhattan,data/numberbatch-en-19.08.txt,"['meat', 'beef', 'pork', 'vegetable', 'food', 'poultry', 'cook', 'sausage', 'chicken', 'steak']","['meat', 'beef', 'pork', 'meatless', 'steak', 'veal', 'venison', 'boneless', 'poultry', 'mutton']",0.3975903614457831,3.20375049025583e-40
5,Cosine,data/numberbatch-en-19.08.txt,"['computer', 'laptop', 'pc', 'compute', 'electronic', 'software', 'desktop', 'hardware', 'system', 'device']","['computer', 'puter', 'laptop', 'pc', 'desktop', 'mainframe', 'workstation', 'software', 'cpu', 'hardware']",0.28317679535778384,3.218903097906146e-21
5,Euclid,data/numberbatch-en-19.08.txt,"['computer', 'laptop', 'pc', 'compute', 'electronic', 'software', 'desktop', 'hardware', 'system', 'device']","['computer', 'puter', 'laptop', 'pc', 'desktop', 'mainframe', 'workstation', 'software', 'cpu', 'hardware']",0.28320898825763974,3.1859959197284366e-21
5,Dot,data/numberbatch-en-19.08.txt,"['computer', 'laptop', 'pc', 'compute', 'electronic', 'software', 'desktop', 'hardware', 'system', 'device']","['computer', 'puter', 'laptop', 'pc', 'desktop', 'mainframe', 'workstation', 'software', 'cpu', 'hardware']",0.28314460245792783,3.2521464459315963e-21
5,Manhattan,data/numberbatch-en-19.08.txt,"['computer', 'laptop', 'pc', 'compute', 'electronic', 'software', 'desktop', 'hardware', 'system', 'device']","['computer', 'puter', 'laptop', 'pc', 'desktop', 'mainframe', 'workstation', 'cpu', 'software', 'spyware']",0.2582594908692888,6.501192030054228e-18
